<?xml version="1.0" encoding="UTF-8"?>
<beans xmlns="http://www.springframework.org/schema/beans"
	xmlns:xsi="http://www.w3.org/2001/XMLSchema-instance"
	xsi:schemaLocation="http://www.springframework.org/schema/beans http://www.springframework.org/schema/beans/spring-beans.xsd">
	
	<!-- Root Context: defines shared resources visible to all other web components -->
		
		<!-- 메일보내기추가 -->
        <bean id="mailSender" class ="org.springframework.mail.javamail.JavaMailSenderImpl" >
        <property name="host" value="smtp.gmail.com" />
        <property name="port" value="587" />
        <property name="defaultEncoding" value="utf-8"/>
        <property name="username" value="ojneo14@gmail.com" />
        <property name="password" value="tmvkfmxk1" />
       
        <property name="javaMailProperties">
            <props>
                <prop key="mail.smtp.starttls.enable">true</prop>
                <prop key="mail.smtp.auth">true</prop>
               
               
            </props>
        </property>
       
    </bean>
    
     <bean id="email" class="com.first.lastproject.command.email.Email">
    </bean>
    <bean id="emailSender" class="com.first.lastproject.command.email.EmailSender">
        <property name="mailSender" ref="mailSender" />
    </bean>
    <!-- 추가 끝 -->
</beans>
